_TYPE_,_NAME_,Height,FEV_L
MEAN,,58.284355828,2.6375214724
STD,,6.2217892267,0.8674508664
N,,652,652
CORR,Height,1,0.8865761599
CORR,FEV_L,0.8865761599,1
